,station,valid,lon,lat,wxcodes,Date,Time
0,ORD,2018-01-22 11:45,-87.9319,41.9875,TSRA BR,2018-01-22,11:45
1,ORD,2018-01-22 11:51,-87.9319,41.9875,TSRA BR,2018-01-22,11:51
2,ORD,2018-01-22 12:17,-87.9319,41.9875,+TSRA BR,2018-01-22,12:17
3,ORD,2018-02-20 19:06,-87.9319,41.9875,-TSRA,2018-02-20,19:06
4,ORD,2018-02-20 19:11,-87.9319,41.9875,TSRA,2018-02-20,19:11
5,ORD,2018-02-20 19:24,-87.9319,41.9875,+TSRA BR,2018-02-20,19:24
6,ORD,2018-05-02 21:31,-87.9319,41.9875,VCTS,2018-05-02,21:31
7,ORD,2018-05-02 21:40,-87.9319,41.9875,-TSRA,2018-05-02,21:40
8,ORD,2018-05-02 21:51,-87.9319,41.9875,-TSRA,2018-05-02,21:51
9,ORD,2018-05-02 23:15,-87.9319,41.9875,TS,2018-05-02,23:15
10,ORD,2018-05-02 23:24,-87.9319,41.9875,-TSRA,2018-05-02,23:24
11,ORD,2018-05-03 00:09,-87.9319,41.9875,VCTS,2018-05-03,00:09
12,ORD,2018-05-03 00:15,-87.9319,41.9875,-TSRA,2018-05-03,00:15
13,ORD,2018-05-03 00:51,-87.9319,41.9875,-TSRA,2018-05-03,00:51
14,ORD,2018-05-03 01:05,-87.9319,41.9875,+TSRA,2018-05-03,01:05
15,ORD,2018-05-03 01:11,-87.9319,41.9875,+TSRA BR,2018-05-03,01:11
16,ORD,2018-05-03 01:14,-87.9319,41.9875,+TSRA BR,2018-05-03,01:14
17,ORD,2018-05-03 01:17,-87.9319,41.9875,-TSRA BR,2018-05-03,01:17
18,ORD,2018-05-03 01:19,-87.9319,41.9875,-TSRA,2018-05-03,01:19
19,ORD,2018-05-03 01:51,-87.9319,41.9875,VCTS,2018-05-03,01:51
20,ORD,2018-05-03 03:18,-87.9319,41.9875,TS,2018-05-03,03:18
21,ORD,2018-05-03 03:51,-87.9319,41.9875,-TSRA,2018-05-03,03:51
22,ORD,2018-05-03 04:09,-87.9319,41.9875,-TSRA BR,2018-05-03,04:09
23,ORD,2018-05-03 04:17,-87.9319,41.9875,-TSRA BR,2018-05-03,04:17
24,ORD,2018-05-03 04:23,-87.9319,41.9875,TSRA BR,2018-05-03,04:23
25,ORD,2018-05-03 04:31,-87.9319,41.9875,+TSRA BR,2018-05-03,04:31
26,ORD,2018-05-03 04:40,-87.9319,41.9875,+TSRA BR,2018-05-03,04:40
27,ORD,2018-05-03 04:49,-87.9319,41.9875,-TSRA,2018-05-03,04:49
28,ORD,2018-05-03 04:51,-87.9319,41.9875,TS,2018-05-03,04:51
29,ORD,2018-05-03 05:04,-87.9319,41.9875,+TSRA BR,2018-05-03,05:04
30,ORD,2018-05-03 05:17,-87.9319,41.9875,-TSRA BR,2018-05-03,05:17
31,ORD,2018-05-03 05:26,-87.9319,41.9875,-TSRA,2018-05-03,05:26
32,ORD,2018-05-03 07:51,-87.9319,41.9875,VCTS,2018-05-03,07:51
33,ORD,2018-05-03 21:39,-87.9319,41.9875,VCTS,2018-05-03,21:39
34,ORD,2018-05-03 21:42,-87.9319,41.9875,-TSRA,2018-05-03,21:42
35,ORD,2018-05-03 21:51,-87.9319,41.9875,-TSRA,2018-05-03,21:51
36,ORD,2018-05-09 11:22,-87.9319,41.9875,TS,2018-05-09,11:22
37,ORD,2018-05-09 11:51,-87.9319,41.9875,-TSRA,2018-05-09,11:51
38,ORD,2018-05-09 12:18,-87.9319,41.9875,TSRA,2018-05-09,12:18
39,ORD,2018-05-09 12:21,-87.9319,41.9875,+TSRA,2018-05-09,12:21
40,ORD,2018-05-09 12:32,-87.9319,41.9875,+TSRA,2018-05-09,12:32
41,ORD,2018-05-09 12:39,-87.9319,41.9875,-TSRA,2018-05-09,12:39
42,ORD,2018-05-09 12:51,-87.9319,41.9875,-TSRA,2018-05-09,12:51
43,ORD,2018-05-09 21:29,-87.9319,41.9875,VCTS,2018-05-09,21:29
44,ORD,2018-05-09 21:33,-87.9319,41.9875,TS,2018-05-09,21:33
45,ORD,2018-05-09 21:51,-87.9319,41.9875,TS,2018-05-09,21:51
46,ORD,2018-05-09 22:08,-87.9319,41.9875,-TSRA,2018-05-09,22:08
47,ORD,2018-05-09 22:47,-87.9319,41.9875,VCTS,2018-05-09,22:47
48,ORD,2018-05-09 22:51,-87.9319,41.9875,VCTS,2018-05-09,22:51
49,ORD,2018-05-09 23:21,-87.9319,41.9875,VCTS,2018-05-09,23:21
50,ORD,2018-05-12 18:47,-87.9319,41.9875,-TSRA,2018-05-12,18:47
51,ORD,2018-05-12 18:51,-87.9319,41.9875,-TSRA,2018-05-12,18:51
52,ORD,2018-05-12 19:02,-87.9319,41.9875,-TSRA,2018-05-12,19:02
53,ORD,2018-05-12 19:10,-87.9319,41.9875,+TSRA,2018-05-12,19:10
54,ORD,2018-05-12 19:14,-87.9319,41.9875,TSRA BR,2018-05-12,19:14
55,ORD,2018-05-12 19:19,-87.9319,41.9875,TSRA BR,2018-05-12,19:19
56,ORD,2018-05-12 19:38,-87.9319,41.9875,-TSRA BR,2018-05-12,19:38
57,ORD,2018-05-12 19:51,-87.9319,41.9875,VCTS BR,2018-05-12,19:51
58,ORD,2018-05-13 00:00,-87.9319,41.9875,VCTS,2018-05-13,00:00
59,ORD,2018-05-13 04:51,-87.9319,41.9875,-TSRA,2018-05-13,04:51
60,ORD,2018-05-13 06:39,-87.9319,41.9875,TS,2018-05-13,06:39
61,ORD,2018-05-13 06:51,-87.9319,41.9875,-TSRA,2018-05-13,06:51
62,ORD,2018-05-13 07:35,-87.9319,41.9875,-TSRA,2018-05-13,07:35
63,ORD,2018-05-13 07:40,-87.9319,41.9875,+TSRA,2018-05-13,07:40
64,ORD,2018-05-13 07:51,-87.9319,41.9875,-TSRA,2018-05-13,07:51
65,ORD,2018-05-13 08:10,-87.9319,41.9875,+TSRA,2018-05-13,08:10
66,ORD,2018-05-13 08:37,-87.9319,41.9875,TSRA BR,2018-05-13,08:37
67,ORD,2018-05-13 08:51,-87.9319,41.9875,+TSRA BR,2018-05-13,08:51
68,ORD,2018-05-14 08:58,-87.9319,41.9875,TS,2018-05-14,08:58
69,ORD,2018-05-14 10:38,-87.9319,41.9875,TS,2018-05-14,10:38
70,ORD,2018-05-14 10:51,-87.9319,41.9875,TS BR,2018-05-14,10:51
71,ORD,2018-05-14 11:16,-87.9319,41.9875,-TSRA BR,2018-05-14,11:16
72,ORD,2018-05-14 11:22,-87.9319,41.9875,+TSRA BR,2018-05-14,11:22
73,ORD,2018-05-14 11:31,-87.9319,41.9875,+TSRA BR,2018-05-14,11:31
74,ORD,2018-05-14 11:51,-87.9319,41.9875,-TSRA BR,2018-05-14,11:51
75,ORD,2018-05-14 11:58,-87.9319,41.9875,TSRA BR,2018-05-14,11:58
76,ORD,2018-05-14 12:20,-87.9319,41.9875,VCTS -RA BR,2018-05-14,12:20
77,ORD,2018-05-14 14:43,-87.9319,41.9875,-TSRA BR,2018-05-14,14:43
78,ORD,2018-05-14 14:51,-87.9319,41.9875,-TSRA BR,2018-05-14,14:51
79,ORD,2018-05-14 22:35,-87.9319,41.9875,VCTS,2018-05-14,22:35
80,ORD,2018-05-14 22:40,-87.9319,41.9875,TS,2018-05-14,22:40
81,ORD,2018-05-14 22:51,-87.9319,41.9875,-TSRA,2018-05-14,22:51
82,ORD,2018-05-14 22:59,-87.9319,41.9875,-TSRA,2018-05-14,22:59
83,ORD,2018-05-14 23:03,-87.9319,41.9875,+TSRA,2018-05-14,23:03
84,ORD,2018-05-14 23:08,-87.9319,41.9875,+TSRA,2018-05-14,23:08
85,ORD,2018-05-14 23:14,-87.9319,41.9875,+TSRA,2018-05-14,23:14
86,ORD,2018-05-14 23:19,-87.9319,41.9875,-TSRA,2018-05-14,23:19
87,ORD,2018-05-14 23:51,-87.9319,41.9875,-TSRA,2018-05-14,23:51
88,ORD,2018-05-15 02:09,-87.9319,41.9875,VCTS,2018-05-15,02:09
89,ORD,2018-05-15 02:20,-87.9319,41.9875,TS,2018-05-15,02:20
90,ORD,2018-05-15 02:51,-87.9319,41.9875,-TSRA,2018-05-15,02:51
91,ORD,2018-05-15 03:01,-87.9319,41.9875,+TSRA BR,2018-05-15,03:01
92,ORD,2018-05-15 03:07,-87.9319,41.9875,+TSRA BR,2018-05-15,03:07
93,ORD,2018-05-15 03:14,-87.9319,41.9875,+TSRA BR,2018-05-15,03:14
94,ORD,2018-05-15 03:19,-87.9319,41.9875,+TSRA BR,2018-05-15,03:19
95,ORD,2018-05-15 03:23,-87.9319,41.9875,-TSRA BR,2018-05-15,03:23
96,ORD,2018-05-15 03:32,-87.9319,41.9875,-TSRA BR,2018-05-15,03:32
97,ORD,2018-05-15 03:51,-87.9319,41.9875,-TSRA BR,2018-05-15,03:51
98,ORD,2018-05-15 04:09,-87.9319,41.9875,VCTS -RA BR,2018-05-15,04:09
99,ORD,2018-05-20 12:09,-87.9319,41.9875,VCTS -RA,2018-05-20,12:09
100,ORD,2018-05-21 11:51,-87.9319,41.9875,VCTS RA,2018-05-21,11:51
101,ORD,2018-05-21 12:01,-87.9319,41.9875,VCTS +RA BR,2018-05-21,12:01
102,ORD,2018-05-21 12:04,-87.9319,41.9875,+TSRA BR,2018-05-21,12:04
103,ORD,2018-05-21 12:09,-87.9319,41.9875,TS BR,2018-05-21,12:09
104,ORD,2018-05-21 12:20,-87.9319,41.9875,TSRA BR,2018-05-21,12:20
105,ORD,2018-05-21 12:28,-87.9319,41.9875,TSRA BR,2018-05-21,12:28
106,ORD,2018-05-21 15:33,-87.9319,41.9875,VCTS +RA BR,2018-05-21,15:33
107,ORD,2018-05-21 15:37,-87.9319,41.9875,+TSRA FG,2018-05-21,15:37
108,ORD,2018-05-21 15:43,-87.9319,41.9875,+TSRA FG,2018-05-21,15:43
109,ORD,2018-05-21 15:47,-87.9319,41.9875,+TSRA BR,2018-05-21,15:47
110,ORD,2018-05-21 15:51,-87.9319,41.9875,+TSRA BR,2018-05-21,15:51
111,ORD,2018-05-21 15:53,-87.9319,41.9875,+TSRA BR,2018-05-21,15:53
112,ORD,2018-05-21 16:03,-87.9319,41.9875,+TSRA BR,2018-05-21,16:03
113,ORD,2018-05-30 20:34,-87.9319,41.9875,VCTS,2018-05-30,20:34
114,ORD,2018-05-30 21:51,-87.9319,41.9875,VCTS,2018-05-30,21:51
115,ORD,2018-05-30 22:07,-87.9319,41.9875,-TSRA,2018-05-30,22:07
116,ORD,2018-05-30 22:44,-87.9319,41.9875,+TSRA BR,2018-05-30,22:44
117,ORD,2018-05-30 22:51,-87.9319,41.9875,+TSRA BR,2018-05-30,22:51
118,ORD,2018-05-30 23:12,-87.9319,41.9875,+TSRA BR,2018-05-30,23:12
119,ORD,2018-05-30 23:22,-87.9319,41.9875,+TSRA BR,2018-05-30,23:22
120,ORD,2018-05-30 23:51,-87.9319,41.9875,-TSRA BR,2018-05-30,23:51
121,ORD,2018-06-03 03:58,-87.9319,41.9875,TS,2018-06-03,03:58
122,ORD,2018-06-03 04:35,-87.9319,41.9875,TSRA BR,2018-06-03,04:35
123,ORD,2018-06-03 04:51,-87.9319,41.9875,-TSRA BR,2018-06-03,04:51
124,ORD,2018-06-03 05:04,-87.9319,41.9875,TS,2018-06-03,05:04
125,ORD,2018-06-08 13:24,-87.9319,41.9875,TS,2018-06-08,13:24
126,ORD,2018-06-08 13:51,-87.9319,41.9875,TS,2018-06-08,13:51
127,ORD,2018-06-09 07:20,-87.9319,41.9875,-TSRA,2018-06-09,07:20
128,ORD,2018-06-09 07:51,-87.9319,41.9875,TS,2018-06-09,07:51
129,ORD,2018-06-09 08:26,-87.9319,41.9875,TSRA,2018-06-09,08:26
130,ORD,2018-06-09 08:33,-87.9319,41.9875,+TSRA BR,2018-06-09,08:33
131,ORD,2018-06-09 08:37,-87.9319,41.9875,-TSRA BR,2018-06-09,08:37
132,ORD,2018-06-09 08:51,-87.9319,41.9875,TS BR,2018-06-09,08:51
133,ORD,2018-06-09 09:27,-87.9319,41.9875,TS,2018-06-09,09:27
134,ORD,2018-06-09 10:19,-87.9319,41.9875,TSRA BR,2018-06-09,10:19
135,ORD,2018-06-09 10:32,-87.9319,41.9875,TSRA BR,2018-06-09,10:32
136,ORD,2018-06-09 10:51,-87.9319,41.9875,TSRA BR,2018-06-09,10:51
137,ORD,2018-06-09 10:53,-87.9319,41.9875,VCTS +RA BR,2018-06-09,10:53
138,ORD,2018-06-09 11:03,-87.9319,41.9875,-TSRA BR,2018-06-09,11:03
139,ORD,2018-06-09 11:21,-87.9319,41.9875,VCTS RA BR,2018-06-09,11:21
140,ORD,2018-06-09 12:51,-87.9319,41.9875,-TSRA BR,2018-06-09,12:51
141,ORD,2018-06-10 08:02,-87.9319,41.9875,TS BR,2018-06-10,08:02
142,ORD,2018-06-10 08:40,-87.9319,41.9875,+TSRA BR,2018-06-10,08:40
143,ORD,2018-06-10 08:51,-87.9319,41.9875,+TSRA BR,2018-06-10,08:51
144,ORD,2018-06-10 09:03,-87.9319,41.9875,+TSRA BR,2018-06-10,09:03
145,ORD,2018-06-10 09:19,-87.9319,41.9875,TSRA BR,2018-06-10,09:19
146,ORD,2018-06-16 06:51,-87.9319,41.9875,VCTS,2018-06-16,06:51
147,ORD,2018-06-16 07:02,-87.9319,41.9875,TS,2018-06-16,07:02
148,ORD,2018-06-16 07:09,-87.9319,41.9875,TS,2018-06-16,07:09
149,ORD,2018-06-16 07:28,-87.9319,41.9875,TSRA,2018-06-16,07:28
150,ORD,2018-06-16 07:36,-87.9319,41.9875,-TSRA BR,2018-06-16,07:36
151,ORD,2018-06-16 07:51,-87.9319,41.9875,+TSRA BR,2018-06-16,07:51
152,ORD,2018-06-16 08:05,-87.9319,41.9875,+TSRA BR,2018-06-16,08:05
153,ORD,2018-06-16 08:26,-87.9319,41.9875,-TSRA BR,2018-06-16,08:26
154,ORD,2018-06-16 08:33,-87.9319,41.9875,-TSRA,2018-06-16,08:33
155,ORD,2018-06-16 08:51,-87.9319,41.9875,TSRA BR,2018-06-16,08:51
156,ORD,2018-06-16 09:08,-87.9319,41.9875,-TSRA,2018-06-16,09:08
157,ORD,2018-06-19 08:51,-87.9319,41.9875,VCTS -RA,2018-06-19,08:51
158,ORD,2018-06-26 12:24,-87.9319,41.9875,TS,2018-06-26,12:24
159,ORD,2018-06-26 12:51,-87.9319,41.9875,+TSRA,2018-06-26,12:51
160,ORD,2018-06-26 12:54,-87.9319,41.9875,+TSRA,2018-06-26,12:54
161,ORD,2018-06-26 12:59,-87.9319,41.9875,-TSRA,2018-06-26,12:59
162,ORD,2018-06-26 13:06,-87.9319,41.9875,-TSRA,2018-06-26,13:06
163,ORD,2018-06-26 13:22,-87.9319,41.9875,VCTS,2018-06-26,13:22
164,ORD,2018-06-26 13:59,-87.9319,41.9875,VCTS RA BR,2018-06-26,13:59
165,ORD,2018-06-26 14:07,-87.9319,41.9875,-TSRA,2018-06-26,14:07
166,ORD,2018-06-26 14:28,-87.9319,41.9875,VCTS,2018-06-26,14:28
167,ORD,2018-06-26 23:57,-87.9319,41.9875,+TSRA,2018-06-26,23:57
168,ORD,2018-06-27 00:02,-87.9319,41.9875,+TSRA BR,2018-06-27,00:02
169,ORD,2018-06-27 00:19,-87.9319,41.9875,TS,2018-06-27,00:19
170,ORD,2018-06-27 00:45,-87.9319,41.9875,+TSRA BR,2018-06-27,00:45
171,ORD,2018-06-27 00:51,-87.9319,41.9875,+TSRA BR,2018-06-27,00:51
172,ORD,2018-06-27 01:14,-87.9319,41.9875,TSRA BR,2018-06-27,01:14
173,ORD,2018-07-01 21:51,-87.9319,41.9875,VCTS,2018-07-01,21:51
174,ORD,2018-07-01 21:55,-87.9319,41.9875,TS HZ,2018-07-01,21:55
175,ORD,2018-07-01 21:57,-87.9319,41.9875,+TSRA,2018-07-01,21:57
176,ORD,2018-07-01 22:05,-87.9319,41.9875,TSRA,2018-07-01,22:05
177,ORD,2018-07-05 03:51,-87.9319,41.9875,VCTS -RA,2018-07-05,03:51
178,ORD,2018-07-05 03:54,-87.9319,41.9875,-TSRA,2018-07-05,03:54
179,ORD,2018-07-05 18:24,-87.9319,41.9875,TS,2018-07-05,18:24
180,ORD,2018-07-05 18:47,-87.9319,41.9875,TS,2018-07-05,18:47
181,ORD,2018-07-05 18:51,-87.9319,41.9875,-TSRA,2018-07-05,18:51
182,ORD,2018-07-05 19:19,-87.9319,41.9875,VCTS,2018-07-05,19:19
183,ORD,2018-07-05 19:37,-87.9319,41.9875,TS,2018-07-05,19:37
184,ORD,2018-07-16 18:51,-87.9319,41.9875,VCTS,2018-07-16,18:51
185,ORD,2018-08-01 20:12,-87.9319,41.9875,TS,2018-08-01,20:12
186,ORD,2018-08-01 20:51,-87.9319,41.9875,TS,2018-08-01,20:51
187,ORD,2018-08-01 21:10,-87.9319,41.9875,VCTS -RA,2018-08-01,21:10
188,ORD,2018-08-01 22:47,-87.9319,41.9875,VCTS,2018-08-01,22:47
189,ORD,2018-08-01 22:51,-87.9319,41.9875,VCTS,2018-08-01,22:51
190,ORD,2018-08-02 14:14,-87.9319,41.9875,VCTS,2018-08-02,14:14
191,ORD,2018-08-06 13:30,-87.9319,41.9875,VCTS,2018-08-06,13:30
192,ORD,2018-08-06 13:51,-87.9319,41.9875,-TSRA,2018-08-06,13:51
193,ORD,2018-08-06 14:33,-87.9319,41.9875,-TSRA BR,2018-08-06,14:33
194,ORD,2018-08-06 14:36,-87.9319,41.9875,+TSRA BR,2018-08-06,14:36
195,ORD,2018-08-06 14:41,-87.9319,41.9875,+TSRA BR,2018-08-06,14:41
196,ORD,2018-08-06 14:45,-87.9319,41.9875,VCTS RA BR,2018-08-06,14:45
197,ORD,2018-08-06 14:51,-87.9319,41.9875,VCTS +RA BR,2018-08-06,14:51
198,ORD,2018-08-06 15:00,-87.9319,41.9875,VCTS -RA,2018-08-06,15:00
199,ORD,2018-08-07 20:53,-87.9319,41.9875,VCTS +RA FG,2018-08-07,20:53
200,ORD,2018-08-07 21:01,-87.9319,41.9875,VCTS +RA BR,2018-08-07,21:01
201,ORD,2018-08-10 00:09,-87.9319,41.9875,VCTS,2018-08-10,00:09
202,ORD,2018-08-10 00:22,-87.9319,41.9875,TS,2018-08-10,00:22
203,ORD,2018-08-10 00:35,-87.9319,41.9875,TS HZ,2018-08-10,00:35
204,ORD,2018-08-10 00:39,-87.9319,41.9875,+TSRA,2018-08-10,00:39
205,ORD,2018-08-10 00:42,-87.9319,41.9875,+TSRA,2018-08-10,00:42
206,ORD,2018-08-10 00:48,-87.9319,41.9875,TSRA,2018-08-10,00:48
207,ORD,2018-08-10 00:51,-87.9319,41.9875,-TSRA,2018-08-10,00:51
208,ORD,2018-08-10 01:06,-87.9319,41.9875,TS,2018-08-10,01:06
209,ORD,2018-08-15 23:10,-87.9319,41.9875,TS,2018-08-15,23:10
210,ORD,2018-08-15 23:16,-87.9319,41.9875,TS,2018-08-15,23:16
211,ORD,2018-08-15 23:51,-87.9319,41.9875,TS,2018-08-15,23:51
212,ORD,2018-08-16 00:22,-87.9319,41.9875,VCTS,2018-08-16,00:22
213,ORD,2018-08-16 00:43,-87.9319,41.9875,VCTS -RA,2018-08-16,00:43
214,ORD,2018-08-16 00:51,-87.9319,41.9875,VCTS -RA,2018-08-16,00:51
215,ORD,2018-08-16 01:18,-87.9319,41.9875,TS,2018-08-16,01:18
216,ORD,2018-08-16 01:51,-87.9319,41.9875,TS,2018-08-16,01:51
217,ORD,2018-08-17 05:27,-87.9319,41.9875,+TSRA BR,2018-08-17,05:27
218,ORD,2018-08-17 05:47,-87.9319,41.9875,+TSRA BR,2018-08-17,05:47
219,ORD,2018-08-17 05:51,-87.9319,41.9875,TSRA BR,2018-08-17,05:51
220,ORD,2018-08-17 06:12,-87.9319,41.9875,-TSRA BR,2018-08-17,06:12
221,ORD,2018-08-21 00:21,-87.9319,41.9875,VCTS -RA,2018-08-21,00:21
222,ORD,2018-08-21 00:27,-87.9319,41.9875,-TSRA,2018-08-21,00:27
223,ORD,2018-08-21 00:46,-87.9319,41.9875,-TSRA,2018-08-21,00:46
224,ORD,2018-08-21 00:51,-87.9319,41.9875,-TSRA BR,2018-08-21,00:51
225,ORD,2018-08-21 01:05,-87.9319,41.9875,-TSRA BR,2018-08-21,01:05
226,ORD,2018-08-21 01:11,-87.9319,41.9875,+TSRA BR,2018-08-21,01:11
227,ORD,2018-08-21 01:23,-87.9319,41.9875,TSRA BR,2018-08-21,01:23
228,ORD,2018-08-21 01:26,-87.9319,41.9875,-TSRA BR,2018-08-21,01:26
229,ORD,2018-08-21 01:51,-87.9319,41.9875,TS,2018-08-21,01:51
230,ORD,2018-08-25 06:57,-87.9319,41.9875,TS BR,2018-08-25,06:57
231,ORD,2018-08-25 07:51,-87.9319,41.9875,-TSRA BR,2018-08-25,07:51
232,ORD,2018-08-25 09:28,-87.9319,41.9875,TSRA BR,2018-08-25,09:28
233,ORD,2018-08-25 09:34,-87.9319,41.9875,-TSRA,2018-08-25,09:34
234,ORD,2018-08-28 11:58,-87.9319,41.9875,TS,2018-08-28,11:58
235,ORD,2018-08-28 12:20,-87.9319,41.9875,TS,2018-08-28,12:20
236,ORD,2018-08-28 12:36,-87.9319,41.9875,TSRA,2018-08-28,12:36
237,ORD,2018-08-28 12:42,-87.9319,41.9875,+TSRA BR,2018-08-28,12:42
238,ORD,2018-08-28 12:48,-87.9319,41.9875,-TSRA BR,2018-08-28,12:48
239,ORD,2018-08-28 12:51,-87.9319,41.9875,-TSRA BR,2018-08-28,12:51
240,ORD,2018-08-28 22:24,-87.9319,41.9875,TS,2018-08-28,22:24
241,ORD,2018-08-28 22:51,-87.9319,41.9875,TS,2018-08-28,22:51
242,ORD,2018-08-29 02:36,-87.9319,41.9875,TS,2018-08-29,02:36
243,ORD,2018-08-29 02:51,-87.9319,41.9875,-TSRA,2018-08-29,02:51
244,ORD,2018-08-29 02:55,-87.9319,41.9875,-TSRA BR,2018-08-29,02:55
245,ORD,2018-08-29 02:59,-87.9319,41.9875,+TSRA BR,2018-08-29,02:59
246,ORD,2018-08-29 03:22,-87.9319,41.9875,-TSRA BR,2018-08-29,03:22
247,ORD,2018-08-29 03:30,-87.9319,41.9875,-TSRA,2018-08-29,03:30
248,ORD,2018-08-29 03:51,-87.9319,41.9875,-TSRA,2018-08-29,03:51
249,ORD,2018-08-29 04:35,-87.9319,41.9875,VCTS -RA,2018-08-29,04:35
250,ORD,2018-08-29 05:02,-87.9319,41.9875,-TSRA,2018-08-29,05:02
251,ORD,2018-08-29 05:09,-87.9319,41.9875,+TSRA BR,2018-08-29,05:09
252,ORD,2018-08-29 05:28,-87.9319,41.9875,TSRA BR,2018-08-29,05:28
253,ORD,2018-08-29 05:51,-87.9319,41.9875,-TSRA,2018-08-29,05:51
254,ORD,2018-09-01 01:12,-87.9319,41.9875,VCTS,2018-09-01,01:12
255,ORD,2018-09-01 01:19,-87.9319,41.9875,TS,2018-09-01,01:19
256,ORD,2018-09-01 01:35,-87.9319,41.9875,TSRA,2018-09-01,01:35
257,ORD,2018-09-01 01:40,-87.9319,41.9875,TSRA BR,2018-09-01,01:40
258,ORD,2018-09-01 01:43,-87.9319,41.9875,-TSRA BR,2018-09-01,01:43
259,ORD,2018-09-01 01:45,-87.9319,41.9875,-TSRA BR,2018-09-01,01:45
260,ORD,2018-09-01 01:51,-87.9319,41.9875,TS,2018-09-01,01:51
261,ORD,2018-09-01 02:04,-87.9319,41.9875,TS,2018-09-01,02:04
262,ORD,2018-09-01 12:58,-87.9319,41.9875,VCTS -RA BR,2018-09-01,12:58
263,ORD,2018-09-01 13:19,-87.9319,41.9875,-TSRA BR,2018-09-01,13:19
264,ORD,2018-09-01 13:26,-87.9319,41.9875,TSRA BR,2018-09-01,13:26
265,ORD,2018-09-01 13:37,-87.9319,41.9875,TS BR,2018-09-01,13:37
266,ORD,2018-09-01 14:03,-87.9319,41.9875,TS,2018-09-01,14:03
267,ORD,2018-09-01 14:16,-87.9319,41.9875,+TSRA BR,2018-09-01,14:16
268,ORD,2018-09-01 14:23,-87.9319,41.9875,-TSRA BR,2018-09-01,14:23
269,ORD,2018-09-01 14:25,-87.9319,41.9875,-TSRA BR,2018-09-01,14:25
270,ORD,2018-09-01 14:30,-87.9319,41.9875,-TSRA BR,2018-09-01,14:30
271,ORD,2018-09-01 14:44,-87.9319,41.9875,-TSRA,2018-09-01,14:44
272,ORD,2018-09-01 14:51,-87.9319,41.9875,TS,2018-09-01,14:51
273,ORD,2018-09-02 00:13,-87.9319,41.9875,TS,2018-09-02,00:13
274,ORD,2018-09-02 00:51,-87.9319,41.9875,-TSRA,2018-09-02,00:51
275,ORD,2018-09-02 01:51,-87.9319,41.9875,TS,2018-09-02,01:51
276,ORD,2018-09-02 02:39,-87.9319,41.9875,VCTS,2018-09-02,02:39
277,ORD,2018-09-02 02:51,-87.9319,41.9875,VCTS,2018-09-02,02:51
278,ORD,2018-09-02 06:35,-87.9319,41.9875,TS,2018-09-02,06:35
279,ORD,2018-09-02 06:51,-87.9319,41.9875,TS,2018-09-02,06:51
280,ORD,2018-09-02 07:51,-87.9319,41.9875,TS,2018-09-02,07:51
281,ORD,2018-09-03 06:12,-87.9319,41.9875,TS,2018-09-03,06:12
282,ORD,2018-09-03 06:29,-87.9319,41.9875,+TSRA,2018-09-03,06:29
283,ORD,2018-09-03 06:33,-87.9319,41.9875,+TSRA,2018-09-03,06:33
284,ORD,2018-09-03 06:36,-87.9319,41.9875,+TSRA,2018-09-03,06:36
285,ORD,2018-09-03 06:42,-87.9319,41.9875,TSRA,2018-09-03,06:42
286,ORD,2018-09-03 06:45,-87.9319,41.9875,+TSRA,2018-09-03,06:45
287,ORD,2018-09-03 06:51,-87.9319,41.9875,TSRA,2018-09-03,06:51
288,ORD,2018-09-03 07:51,-87.9319,41.9875,TS,2018-09-03,07:51
289,ORD,2018-09-03 11:14,-87.9319,41.9875,VCTS,2018-09-03,11:14
290,ORD,2018-09-03 18:17,-87.9319,41.9875,VCTS,2018-09-03,18:17
291,ORD,2018-09-03 18:24,-87.9319,41.9875,TS,2018-09-03,18:24
292,ORD,2018-09-03 18:35,-87.9319,41.9875,+TSRA,2018-09-03,18:35
293,ORD,2018-09-03 18:39,-87.9319,41.9875,+TSRA,2018-09-03,18:39
294,ORD,2018-09-03 18:45,-87.9319,41.9875,+TSRA,2018-09-03,18:45
295,ORD,2018-09-03 18:51,-87.9319,41.9875,+TSRA,2018-09-03,18:51
296,ORD,2018-09-03 18:59,-87.9319,41.9875,+TSRA FG,2018-09-03,18:59
297,ORD,2018-09-03 19:13,-87.9319,41.9875,-TSRA BR,2018-09-03,19:13
298,ORD,2018-09-03 19:16,-87.9319,41.9875,-TSRA BR,2018-09-03,19:16
299,ORD,2018-09-03 19:19,-87.9319,41.9875,-TSRA BR,2018-09-03,19:19
300,ORD,2018-09-03 19:28,-87.9319,41.9875,TS BR,2018-09-03,19:28
301,ORD,2018-09-03 19:51,-87.9319,41.9875,TS,2018-09-03,19:51
302,ORD,2018-09-03 20:07,-87.9319,41.9875,VCTS,2018-09-03,20:07
303,ORD,2018-09-03 20:33,-87.9319,41.9875,VCTS,2018-09-03,20:33
304,ORD,2018-09-03 20:47,-87.9319,41.9875,TS,2018-09-03,20:47
305,ORD,2018-09-03 20:51,-87.9319,41.9875,TS,2018-09-03,20:51
306,ORD,2018-09-03 21:22,-87.9319,41.9875,TSRA BR,2018-09-03,21:22
307,ORD,2018-09-03 21:25,-87.9319,41.9875,+TSRA BR,2018-09-03,21:25
308,ORD,2018-09-03 21:31,-87.9319,41.9875,-TSRA BR,2018-09-03,21:31
309,ORD,2018-09-03 21:51,-87.9319,41.9875,-TSRA,2018-09-03,21:51
310,ORD,2018-09-05 21:36,-87.9319,41.9875,TS,2018-09-05,21:36
311,ORD,2018-09-05 21:51,-87.9319,41.9875,VCTS,2018-09-05,21:51
312,ORD,2018-09-19 23:04,-87.9319,41.9875,VCTS -RA,2018-09-19,23:04
313,ORD,2018-09-25 22:31,-87.9319,41.9875,VCTS -RA,2018-09-25,22:31
314,ORD,2018-09-25 22:34,-87.9319,41.9875,VCTS RA,2018-09-25,22:34
315,ORD,2018-09-25 22:38,-87.9319,41.9875,TSRA,2018-09-25,22:38
316,ORD,2018-09-25 22:41,-87.9319,41.9875,TSRA,2018-09-25,22:41
317,ORD,2018-09-25 22:51,-87.9319,41.9875,TSRA BR,2018-09-25,22:51
318,ORD,2018-09-25 22:53,-87.9319,41.9875,TSRA,2018-09-25,22:53
319,ORD,2018-10-02 03:07,-87.9319,41.9875,VCTS -RA,2018-10-02,03:07
320,ORD,2018-10-02 03:21,-87.9319,41.9875,-TSRA,2018-10-02,03:21
321,ORD,2018-10-02 03:33,-87.9319,41.9875,+TSRA BR,2018-10-02,03:33
322,ORD,2018-10-02 03:42,-87.9319,41.9875,+TSRA BR,2018-10-02,03:42
323,ORD,2018-10-02 03:51,-87.9319,41.9875,+TSRA BR,2018-10-02,03:51
324,ORD,2018-10-02 04:05,-87.9319,41.9875,+TSRA BR,2018-10-02,04:05
325,ORD,2018-10-02 04:16,-87.9319,41.9875,TSRA BR,2018-10-02,04:16
326,ORD,2018-10-02 04:25,-87.9319,41.9875,+TSRA BR,2018-10-02,04:25
327,ORD,2018-10-02 04:46,-87.9319,41.9875,TSRA BR,2018-10-02,04:46
328,ORD,2018-10-02 04:51,-87.9319,41.9875,-TSRA BR,2018-10-02,04:51
329,ORD,2018-10-06 01:07,-87.9319,41.9875,-TSRA BR,2018-10-06,01:07
330,ORD,2018-10-06 01:20,-87.9319,41.9875,+TSRA BR,2018-10-06,01:20
331,ORD,2018-10-06 01:33,-87.9319,41.9875,-TSRA BR,2018-10-06,01:33
332,ORD,2018-10-06 01:43,-87.9319,41.9875,-TSRA BR,2018-10-06,01:43
333,ORD,2018-10-06 01:51,-87.9319,41.9875,-TSRA BR,2018-10-06,01:51
334,ORD,2018-10-06 01:59,-87.9319,41.9875,+TSRA BR,2018-10-06,01:59
335,ORD,2018-10-06 02:03,-87.9319,41.9875,+TSRA BR,2018-10-06,02:03
336,ORD,2018-10-06 02:17,-87.9319,41.9875,+TSRA BR,2018-10-06,02:17
337,ORD,2018-10-06 02:27,-87.9319,41.9875,VCTS +RA BR,2018-10-06,02:27
338,ORD,2018-10-06 09:49,-87.9319,41.9875,VCTS,2018-10-06,09:49
339,ORD,2018-10-06 09:51,-87.9319,41.9875,VCTS,2018-10-06,09:51
340,ORD,2018-10-06 10:06,-87.9319,41.9875,VCTS -RA,2018-10-06,10:06
341,ORD,2018-10-06 10:26,-87.9319,41.9875,+TSRA BR,2018-10-06,10:26
342,ORD,2018-10-06 10:37,-87.9319,41.9875,-TSRA,2018-10-06,10:37
343,ORD,2018-10-06 10:51,-87.9319,41.9875,VCTS -RA,2018-10-06,10:51
344,ORD,2018-10-06 11:23,-87.9319,41.9875,VCTS,2018-10-06,11:23
345,ORD,2018-10-06 11:32,-87.9319,41.9875,VCTS -RA BR,2018-10-06,11:32
346,ORD,2018-10-06 11:42,-87.9319,41.9875,VCTS -RA BR,2018-10-06,11:42
347,ORD,2018-10-08 02:47,-87.9319,41.9875,VCTS -RA BR,2018-10-08,02:47
348,ORD,2018-10-08 02:51,-87.9319,41.9875,VCTS -RA BR,2018-10-08,02:51
349,ORD,2018-10-08 03:11,-87.9319,41.9875,VCTS RA BR,2018-10-08,03:11
350,ORD,2018-10-30 23:42,-87.9319,41.9875,-TSRA BR,2018-10-30,23:42
351,ORD,2018-10-30 23:51,-87.9319,41.9875,-TSRA,2018-10-30,23:51
352,ORD,2018-10-31 00:21,-87.9319,41.9875,VCTS,2018-10-31,00:21
353,ORD,2018-12-01 21:51,-87.9319,41.9875,VCTS -RA BR,2018-12-01,21:51
354,ORD,2018-12-02 02:59,-87.9319,41.9875,VCTS -RA BR,2018-12-02,02:59
355,ORD,2018-12-02 03:13,-87.9319,41.9875,-TSRA BR,2018-12-02,03:13
356,ORD,2018-12-02 03:33,-87.9319,41.9875,+TSRA BR,2018-12-02,03:33
357,ORD,2018-12-02 03:51,-87.9319,41.9875,+TSRA BR,2018-12-02,03:51
358,ORD,2018-12-02 04:03,-87.9319,41.9875,-TSRA BR,2018-12-02,04:03
359,ORD,2018-12-02 04:16,-87.9319,41.9875,VCTS -RA BR,2018-12-02,04:16
